Course_ID,Student_ID
ECOM101,94560
ECOM101,47758
ECOM101,39925
ECOM101,89292
ECOM101,60500
ECOM101,67329
ECOM101,24275
ECOM101,31169
ECOM101,81190
ECOM101,96739
ECOM101,26964
ECOM102,94560
ECOM102,47758
ECOM102,39925
ECOM102,89292
ECOM102,60500
ECOM102,67329
ECOM102,24275
ECOM102,31169
ECOM102,81190
ECOM102,96739
ECOM102,26964
ECOM103,94560
ECOM103,47758
ECOM103,39925
ECOM103,89292
ECOM103,60500
ECOM103,67329
ECOM103,24275
ECOM103,31169
ECOM103,81190
ECOM103,96739
ECOM103,26964
ECOM104,94560
ECOM104,47758
ECOM104,39925
ECOM104,89292
ECOM104,60500
ECOM104,67329
ECOM104,24275
ECOM104,31169
ECOM104,81190
ECOM104,96739
ECOM104,26964
ECOM105,94560
ECOM105,47758
ECOM105,39925
ECOM105,89292
ECOM105,60500
ECOM105,67329
ECOM105,24275
ECOM105,31169
ECOM105,81190
ECOM105,96739
ECOM105,26964
ECOM106,94560
ECOM106,47758
ECOM106,39925
ECOM106,89292
ECOM106,60500
ECOM106,67329
ECOM106,24275
ECOM106,31169
ECOM106,81190
ECOM106,96739
ECOM106,26964
ECOM201,62033
ECOM201,19785
ECOM201,84275
ECOM201,98465
ECOM201,80603
ECOM201,25899
ECOM201,14063
ECOM201,87859
ECOM201,53387
ECOM201,40110
ECOM201,73139
ECOM201,30145
ECOM202,62033
ECOM202,19785
ECOM202,84275
ECOM202,98465
ECOM202,80603
ECOM202,25899
ECOM202,14063
ECOM202,87859
ECOM202,53387
ECOM202,40110
ECOM202,73139
ECOM202,30145
ECOM203,62033
ECOM203,19785
ECOM203,84275
ECOM203,98465
ECOM203,80603
ECOM203,25899
ECOM203,14063
ECOM203,87859
ECOM203,53387
ECOM203,40110
ECOM203,73139
ECOM203,30145
ECOM204,62033
ECOM204,19785
ECOM204,84275
ECOM204,98465
ECOM204,80603
ECOM204,25899
ECOM204,14063
ECOM204,87859
ECOM204,53387
ECOM204,40110
ECOM204,73139
ECOM204,30145
ECOM205,62033
ECOM205,19785
ECOM205,84275
ECOM205,98465
ECOM205,80603
ECOM205,25899
ECOM205,14063
ECOM205,87859
ECOM205,53387
ECOM205,40110
ECOM205,73139
ECOM205,30145
ECOM206,62033
ECOM206,19785
ECOM206,84275
ECOM206,98465
ECOM206,80603
ECOM206,25899
ECOM206,14063
ECOM206,87859
ECOM206,53387
ECOM206,40110
ECOM206,73139
ECOM206,30145
ECOM301,44991
ECOM301,16253
ECOM301,88594
ECOM301,74148
ECOM301,32461
ECOM301,72342
ECOM302,44991
ECOM302,16253
ECOM302,88594
ECOM302,74148
ECOM302,32461
ECOM302,72342
ECOM303,44991
ECOM303,16253
ECOM303,88594
ECOM303,74148
ECOM303,32461
ECOM303,72342
ECOM304,44991
ECOM304,16253
ECOM304,88594
ECOM304,74148
ECOM304,32461
ECOM304,72342
ECOM305,44991
ECOM305,16253
ECOM305,88594
ECOM305,74148
ECOM305,32461
ECOM305,72342
ECOM306,44991
ECOM306,16253
ECOM306,88594
ECOM306,74148
ECOM306,32461
ECOM306,72342
ECOM401,46384
ECOM401,19807
ECOM401,74778
ECOM401,74088
ECOM401,35260
ECOM401,50704
ECOM401,18560
ECOM402,46384
ECOM402,19807
ECOM402,74778
ECOM402,74088
ECOM402,35260
ECOM402,50704
ECOM402,18560
ECOM403,46384
ECOM403,19807
ECOM403,74778
ECOM403,74088
ECOM403,35260
ECOM403,50704
ECOM403,18560
ECOM404,46384
ECOM404,19807
ECOM404,74778
ECOM404,74088
ECOM404,35260
ECOM404,50704
ECOM404,18560
ECOM405,46384
ECOM405,19807
ECOM405,74778
ECOM405,74088
ECOM405,35260
ECOM405,50704
ECOM405,18560
ECOM406,46384
ECOM406,19807
ECOM406,74778
ECOM406,74088
ECOM406,35260
ECOM406,50704
ECOM406,18560
ECOM501,95391
ECOM501,58639
ECOM501,74813
ECOM501,25497
ECOM501,69598
ECOM501,71031
ECOM501,54093
ECOM501,12938
ECOM502,95391
ECOM502,58639
ECOM502,74813
ECOM502,25497
ECOM502,69598
ECOM502,71031
ECOM502,54093
ECOM502,12938
ECOM503,95391
ECOM503,58639
ECOM503,74813
ECOM503,25497
ECOM503,69598
ECOM503,71031
ECOM503,54093
ECOM503,12938
ECOM504,95391
ECOM504,58639
ECOM504,74813
ECOM504,25497
ECOM504,69598
ECOM504,71031
ECOM504,54093
ECOM504,12938
ECOM505,95391
ECOM505,58639
ECOM505,74813
ECOM505,25497
ECOM505,69598
ECOM505,71031
ECOM505,54093
ECOM505,12938
ECOM506,95391
ECOM506,58639
ECOM506,74813
ECOM506,25497
ECOM506,69598
ECOM506,71031
ECOM506,54093
ECOM506,12938
ECOM601,61413
ECOM601,35797
ECOM601,33799
ECOM601,99728
ECOM601,97041
ECOM601,30336
ECOM601,68139
ECOM602,61413
ECOM602,35797
ECOM602,33799
ECOM602,99728
ECOM602,97041
ECOM602,30336
ECOM602,68139
ECOM603,61413
ECOM603,35797
ECOM603,33799
ECOM603,99728
ECOM603,97041
ECOM603,30336
ECOM603,68139
ECOM604,61413
ECOM604,35797
ECOM604,33799
ECOM604,99728
ECOM604,97041
ECOM604,30336
ECOM604,68139
ECOM605,61413
ECOM605,35797
ECOM605,33799
ECOM605,99728
ECOM605,97041
ECOM605,30336
ECOM605,68139
ECOM606,61413
ECOM606,35797
ECOM606,33799
ECOM606,99728
ECOM606,97041
ECOM606,30336
ECOM606,68139
ECOM701,98444
ECOM701,92985
ECOM701,47495
ECOM701,11481
ECOM701,10898
ECOM701,63371
ECOM701,92437
ECOM701,44182
ECOM701,79792
ECOM701,68546
ECOM702,98444
ECOM702,92985
ECOM702,47495
ECOM702,11481
ECOM702,10898
ECOM702,63371
ECOM702,92437
ECOM702,44182
ECOM702,79792
ECOM702,68546
ECOM703,98444
ECOM703,92985
ECOM703,47495
ECOM703,11481
ECOM703,10898
ECOM703,63371
ECOM703,92437
ECOM703,44182
ECOM703,79792
ECOM703,68546
ECOM704,98444
ECOM704,92985
ECOM704,47495
ECOM704,11481
ECOM704,10898
ECOM704,63371
ECOM704,92437
ECOM704,44182
ECOM704,79792
ECOM704,68546
ECOM705,98444
ECOM705,92985
ECOM705,47495
ECOM705,11481
ECOM705,10898
ECOM705,63371
ECOM705,92437
ECOM705,44182
ECOM705,79792
ECOM705,68546
ECOM706,98444
ECOM706,92985
ECOM706,47495
ECOM706,11481
ECOM706,10898
ECOM706,63371
ECOM706,92437
ECOM706,44182
ECOM706,79792
ECOM706,68546
ECOM801,17454
ECOM801,68528
ECOM801,90374
ECOM801,58020
ECOM801,78548
ECOM801,57744
ECOM801,37634
ECOM801,64595
ECOM802,17454
ECOM802,68528
ECOM802,90374
ECOM802,58020
ECOM802,78548
ECOM802,57744
ECOM802,37634
ECOM802,64595
ECOM803,17454
ECOM803,68528
ECOM803,90374
ECOM803,58020
ECOM803,78548
ECOM803,57744
ECOM803,37634
ECOM803,64595
ECOM804,17454
ECOM804,68528
ECOM804,90374
ECOM804,58020
ECOM804,78548
ECOM804,57744
ECOM804,37634
ECOM804,64595
ECOM805,17454
ECOM805,68528
ECOM805,90374
ECOM805,58020
ECOM805,78548
ECOM805,57744
ECOM805,37634
ECOM805,64595
ECOM806,17454
ECOM806,68528
ECOM806,90374
ECOM806,58020
ECOM806,78548
ECOM806,57744
ECOM806,37634
ECOM806,64595
EELE101,32635
EELE101,85827
EELE101,20086
EELE101,68692
EELE101,38641
EELE101,54221
EELE101,77324
EELE101,73809
EELE101,98185
EELE101,37101
EELE101,36373
EELE101,29721
EELE101,25249
EELE102,32635
EELE102,85827
EELE102,20086
EELE102,68692
EELE102,38641
EELE102,54221
EELE102,77324
EELE102,73809
EELE102,98185
EELE102,37101
EELE102,36373
EELE102,29721
EELE102,25249
EELE103,32635
EELE103,85827
EELE103,20086
EELE103,68692
EELE103,38641
EELE103,54221
EELE103,77324
EELE103,73809
EELE103,98185
EELE103,37101
EELE103,36373
EELE103,29721
EELE103,25249
EELE104,32635
EELE104,85827
EELE104,20086
EELE104,68692
EELE104,38641
EELE104,54221
EELE104,77324
EELE104,73809
EELE104,98185
EELE104,37101
EELE104,36373
EELE104,29721
EELE104,25249
EELE105,32635
EELE105,85827
EELE105,20086
EELE105,68692
EELE105,38641
EELE105,54221
EELE105,77324
EELE105,73809
EELE105,98185
EELE105,37101
EELE105,36373
EELE105,29721
EELE105,25249
EELE106,32635
EELE106,85827
EELE106,20086
EELE106,68692
EELE106,38641
EELE106,54221
EELE106,77324
EELE106,73809
EELE106,98185
EELE106,37101
EELE106,36373
EELE106,29721
EELE106,25249
EELE201,36580
EELE201,20108
EELE201,84021
EELE201,51763
EELE201,85880
EELE201,39828
EELE202,36580
EELE202,20108
EELE202,84021
EELE202,51763
EELE202,85880
EELE202,39828
EELE203,36580
EELE203,20108
EELE203,84021
EELE203,51763
EELE203,85880
EELE203,39828
EELE204,36580
EELE204,20108
EELE204,84021
EELE204,51763
EELE204,85880
EELE204,39828
EELE205,36580
EELE205,20108
EELE205,84021
EELE205,51763
EELE205,85880
EELE205,39828
EELE206,36580
EELE206,20108
EELE206,84021
EELE206,51763
EELE206,85880
EELE206,39828
EELE301,63269
EELE301,29012
EELE301,83461
EELE301,23347
EELE301,85017
EELE301,29223
EELE301,27736
EELE301,24129
EELE301,10907
EELE301,10739
EELE301,74405
EELE302,63269
EELE302,29012
EELE302,83461
EELE302,23347
EELE302,85017
EELE302,29223
EELE302,27736
EELE302,24129
EELE302,10907
EELE302,10739
EELE302,74405
EELE303,63269
EELE303,29012
EELE303,83461
EELE303,23347
EELE303,85017
EELE303,29223
EELE303,27736
EELE303,24129
EELE303,10907
EELE303,10739
EELE303,74405
EELE304,63269
EELE304,29012
EELE304,83461
EELE304,23347
EELE304,85017
EELE304,29223
EELE304,27736
EELE304,24129
EELE304,10907
EELE304,10739
EELE304,74405
EELE305,63269
EELE305,29012
EELE305,83461
EELE305,23347
EELE305,85017
EELE305,29223
EELE305,27736
EELE305,24129
EELE305,10907
EELE305,10739
EELE305,74405
EELE306,63269
EELE306,29012
EELE306,83461
EELE306,23347
EELE306,85017
EELE306,29223
EELE306,27736
EELE306,24129
EELE306,10907
EELE306,10739
EELE306,74405
EELE401,56511
EELE401,64739
EELE401,47131
EELE401,51651
EELE401,54589
EELE401,47700
EELE401,73921
EELE401,91247
EELE401,49769
EELE402,56511
EELE402,64739
EELE402,47131
EELE402,51651
EELE402,54589
EELE402,47700
EELE402,73921
EELE402,91247
EELE402,49769
EELE403,56511
EELE403,64739
EELE403,47131
EELE403,51651
EELE403,54589
EELE403,47700
EELE403,73921
EELE403,91247
EELE403,49769
EELE404,56511
EELE404,64739
EELE404,47131
EELE404,51651
EELE404,54589
EELE404,47700
EELE404,73921
EELE404,91247
EELE404,49769
EELE405,56511
EELE405,64739
EELE405,47131
EELE405,51651
EELE405,54589
EELE405,47700
EELE405,73921
EELE405,91247
EELE405,49769
EELE406,56511
EELE406,64739
EELE406,47131
EELE406,51651
EELE406,54589
EELE406,47700
EELE406,73921
EELE406,91247
EELE406,49769
EELE501,85406
EELE501,16266
EELE501,76580
EELE501,44465
EELE501,80395
EELE501,52313
EELE501,78330
EELE501,51575
EELE502,85406
EELE502,16266
EELE502,76580
EELE502,44465
EELE502,80395
EELE502,52313
EELE502,78330
EELE502,51575
EELE503,85406
EELE503,16266
EELE503,76580
EELE503,44465
EELE503,80395
EELE503,52313
EELE503,78330
EELE503,51575
EELE504,85406
EELE504,16266
EELE504,76580
EELE504,44465
EELE504,80395
EELE504,52313
EELE504,78330
EELE504,51575
EELE505,85406
EELE505,16266
EELE505,76580
EELE505,44465
EELE505,80395
EELE505,52313
EELE505,78330
EELE505,51575
EELE506,85406
EELE506,16266
EELE506,76580
EELE506,44465
EELE506,80395
EELE506,52313
EELE506,78330
EELE506,51575
EELE601,11607
EELE601,95901
EELE601,84930
EELE601,35142
EELE601,68983
EELE601,65353
EELE601,24970
EELE601,18959
EELE601,64476
EELE601,68161
EELE601,69288
EELE601,54864
EELE601,20067
EELE601,87835
EELE601,55598
EELE602,11607
EELE602,95901
EELE602,84930
EELE602,35142
EELE602,68983
EELE602,65353
EELE602,24970
EELE602,18959
EELE602,64476
EELE602,68161
EELE602,69288
EELE602,54864
EELE602,20067
EELE602,87835
EELE602,55598
EELE603,11607
EELE603,95901
EELE603,84930
EELE603,35142
EELE603,68983
EELE603,65353
EELE603,24970
EELE603,18959
EELE603,64476
EELE603,68161
EELE603,69288
EELE603,54864
EELE603,20067
EELE603,87835
EELE603,55598
EELE604,11607
EELE604,95901
EELE604,84930
EELE604,35142
EELE604,68983
EELE604,65353
EELE604,24970
EELE604,18959
EELE604,64476
EELE604,68161
EELE604,69288
EELE604,54864
EELE604,20067
EELE604,87835
EELE604,55598
EELE605,11607
EELE605,95901
EELE605,84930
EELE605,35142
EELE605,68983
EELE605,65353
EELE605,24970
EELE605,18959
EELE605,64476
EELE605,68161
EELE605,69288
EELE605,54864
EELE605,20067
EELE605,87835
EELE605,55598
EELE606,11607
EELE606,95901
EELE606,84930
EELE606,35142
EELE606,68983
EELE606,65353
EELE606,24970
EELE606,18959
EELE606,64476
EELE606,68161
EELE606,69288
EELE606,54864
EELE606,20067
EELE606,87835
EELE606,55598
EELE701,73305
EELE701,47844
EELE701,32271
EELE701,92013
EELE701,37317
EELE701,34785
EELE702,73305
EELE702,47844
EELE702,32271
EELE702,92013
EELE702,37317
EELE702,34785
EELE703,73305
EELE703,47844
EELE703,32271
EELE703,92013
EELE703,37317
EELE703,34785
EELE704,73305
EELE704,47844
EELE704,32271
EELE704,92013
EELE704,37317
EELE704,34785
EELE705,73305
EELE705,47844
EELE705,32271
EELE705,92013
EELE705,37317
EELE705,34785
EELE706,73305
EELE706,47844
EELE706,32271
EELE706,92013
EELE706,37317
EELE706,34785
EELE801,57155
EELE801,86949
EELE801,79473
EELE801,18835
EELE801,10695
EELE801,67271
EELE801,77169
EELE801,85440
EELE801,89102
EELE802,57155
EELE802,86949
EELE802,79473
EELE802,18835
EELE802,10695
EELE802,67271
EELE802,77169
EELE802,85440
EELE802,89102
EELE803,57155
EELE803,86949
EELE803,79473
EELE803,18835
EELE803,10695
EELE803,67271
EELE803,77169
EELE803,85440
EELE803,89102
EELE804,57155
EELE804,86949
EELE804,79473
EELE804,18835
EELE804,10695
EELE804,67271
EELE804,77169
EELE804,85440
EELE804,89102
EELE805,57155
EELE805,86949
EELE805,79473
EELE805,18835
EELE805,10695
EELE805,67271
EELE805,77169
EELE805,85440
EELE805,89102
EELE806,57155
EELE806,86949
EELE806,79473
EELE806,18835
EELE806,10695
EELE806,67271
EELE806,77169
EELE806,85440
EELE806,89102
ECIV101,31892
ECIV101,66312
ECIV101,97411
ECIV101,96065
ECIV101,90352
ECIV102,31892
ECIV102,66312
ECIV102,97411
ECIV102,96065
ECIV102,90352
ECIV103,31892
ECIV103,66312
ECIV103,97411
ECIV103,96065
ECIV103,90352
ECIV104,31892
ECIV104,66312
ECIV104,97411
ECIV104,96065
ECIV104,90352
ECIV105,31892
ECIV105,66312
ECIV105,97411
ECIV105,96065
ECIV105,90352
ECIV106,31892
ECIV106,66312
ECIV106,97411
ECIV106,96065
ECIV106,90352
ECIV201,53502
ECIV201,40945
ECIV201,27083
ECIV201,64390
ECIV201,91831
ECIV201,14088
ECIV201,69173
ECIV201,61815
ECIV201,33733
ECIV201,83993
ECIV201,97275
ECIV201,66119
ECIV202,53502
ECIV202,40945
ECIV202,27083
ECIV202,64390
ECIV202,91831
ECIV202,14088
ECIV202,69173
ECIV202,61815
ECIV202,33733
ECIV202,83993
ECIV202,97275
ECIV202,66119
ECIV203,53502
ECIV203,40945
ECIV203,27083
ECIV203,64390
ECIV203,91831
ECIV203,14088
ECIV203,69173
ECIV203,61815
ECIV203,33733
ECIV203,83993
ECIV203,97275
ECIV203,66119
ECIV204,53502
ECIV204,40945
ECIV204,27083
ECIV204,64390
ECIV204,91831
ECIV204,14088
ECIV204,69173
ECIV204,61815
ECIV204,33733
ECIV204,83993
ECIV204,97275
ECIV204,66119
ECIV205,53502
ECIV205,40945
ECIV205,27083
ECIV205,64390
ECIV205,91831
ECIV205,14088
ECIV205,69173
ECIV205,61815
ECIV205,33733
ECIV205,83993
ECIV205,97275
ECIV205,66119
ECIV206,53502
ECIV206,40945
ECIV206,27083
ECIV206,64390
ECIV206,91831
ECIV206,14088
ECIV206,69173
ECIV206,61815
ECIV206,33733
ECIV206,83993
ECIV206,97275
ECIV206,66119
ECIV301,59240
ECIV301,55937
ECIV301,95894
ECIV301,40104
ECIV301,30159
ECIV301,36697
ECIV301,86932
ECIV301,70687
ECIV301,41293
ECIV301,70337
ECIV301,95855
ECIV301,70902
ECIV301,19762
ECIV301,66844
ECIV302,59240
ECIV302,55937
ECIV302,95894
ECIV302,40104
ECIV302,30159
ECIV302,36697
ECIV302,86932
ECIV302,70687
ECIV302,41293
ECIV302,70337
ECIV302,95855
ECIV302,70902
ECIV302,19762
ECIV302,66844
ECIV303,59240
ECIV303,55937
ECIV303,95894
ECIV303,40104
ECIV303,30159
ECIV303,36697
ECIV303,86932
ECIV303,70687
ECIV303,41293
ECIV303,70337
ECIV303,95855
ECIV303,70902
ECIV303,19762
ECIV303,66844
ECIV304,59240
ECIV304,55937
ECIV304,95894
ECIV304,40104
ECIV304,30159
ECIV304,36697
ECIV304,86932
ECIV304,70687
ECIV304,41293
ECIV304,70337
ECIV304,95855
ECIV304,70902
ECIV304,19762
ECIV304,66844
ECIV305,59240
ECIV305,55937
ECIV305,95894
ECIV305,40104
ECIV305,30159
ECIV305,36697
ECIV305,86932
ECIV305,70687
ECIV305,41293
ECIV305,70337
ECIV305,95855
ECIV305,70902
ECIV305,19762
ECIV305,66844
ECIV306,59240
ECIV306,55937
ECIV306,95894
ECIV306,40104
ECIV306,30159
ECIV306,36697
ECIV306,86932
ECIV306,70687
ECIV306,41293
ECIV306,70337
ECIV306,95855
ECIV306,70902
ECIV306,19762
ECIV306,66844
ECIV401,61772
ECIV401,46206
ECIV401,49244
ECIV401,63056
ECIV401,99311
ECIV401,20871
ECIV401,97008
ECIV401,48651
ECIV401,66420
ECIV402,61772
ECIV402,46206
ECIV402,49244
ECIV402,63056
ECIV402,99311
ECIV402,20871
ECIV402,97008
ECIV402,48651
ECIV402,66420
ECIV403,61772
ECIV403,46206
ECIV403,49244
ECIV403,63056
ECIV403,99311
ECIV403,20871
ECIV403,97008
ECIV403,48651
ECIV403,66420
ECIV404,61772
ECIV404,46206
ECIV404,49244
ECIV404,63056
ECIV404,99311
ECIV404,20871
ECIV404,97008
ECIV404,48651
ECIV404,66420
ECIV405,61772
ECIV405,46206
ECIV405,49244
ECIV405,63056
ECIV405,99311
ECIV405,20871
ECIV405,97008
ECIV405,48651
ECIV405,66420
ECIV406,61772
ECIV406,46206
ECIV406,49244
ECIV406,63056
ECIV406,99311
ECIV406,20871
ECIV406,97008
ECIV406,48651
ECIV406,66420
ECIV501,51133
ECIV501,60581
ECIV501,88125
ECIV501,36717
ECIV501,14761
ECIV502,51133
ECIV502,60581
ECIV502,88125
ECIV502,36717
ECIV502,14761
ECIV503,51133
ECIV503,60581
ECIV503,88125
ECIV503,36717
ECIV503,14761
ECIV504,51133
ECIV504,60581
ECIV504,88125
ECIV504,36717
ECIV504,14761
ECIV505,51133
ECIV505,60581
ECIV505,88125
ECIV505,36717
ECIV505,14761
ECIV506,51133
ECIV506,60581
ECIV506,88125
ECIV506,36717
ECIV506,14761
ECIV601,29963
ECIV601,47970
ECIV601,66624
ECIV601,67234
ECIV601,40088
ECIV601,16877
ECIV601,30690
ECIV601,11750
ECIV602,29963
ECIV602,47970
ECIV602,66624
ECIV602,67234
ECIV602,40088
ECIV602,16877
ECIV602,30690
ECIV602,11750
ECIV603,29963
ECIV603,47970
ECIV603,66624
ECIV603,67234
ECIV603,40088
ECIV603,16877
ECIV603,30690
ECIV603,11750
ECIV604,29963
ECIV604,47970
ECIV604,66624
ECIV604,67234
ECIV604,40088
ECIV604,16877
ECIV604,30690
ECIV604,11750
ECIV605,29963
ECIV605,47970
ECIV605,66624
ECIV605,67234
ECIV605,40088
ECIV605,16877
ECIV605,30690
ECIV605,11750
ECIV606,29963
ECIV606,47970
ECIV606,66624
ECIV606,67234
ECIV606,40088
ECIV606,16877
ECIV606,30690
ECIV606,11750
ECIV701,55006
ECIV701,69344
ECIV701,85320
ECIV701,48610
ECIV701,42758
ECIV701,84402
ECIV701,25488
ECIV701,33142
ECIV701,24848
ECIV701,49723
ECIV701,14819
ECIV701,84028
ECIV702,55006
ECIV702,69344
ECIV702,85320
ECIV702,48610
ECIV702,42758
ECIV702,84402
ECIV702,25488
ECIV702,33142
ECIV702,24848
ECIV702,49723
ECIV702,14819
ECIV702,84028
ECIV703,55006
ECIV703,69344
ECIV703,85320
ECIV703,48610
ECIV703,42758
ECIV703,84402
ECIV703,25488
ECIV703,33142
ECIV703,24848
ECIV703,49723
ECIV703,14819
ECIV703,84028
ECIV704,55006
ECIV704,69344
ECIV704,85320
ECIV704,48610
ECIV704,42758
ECIV704,84402
ECIV704,25488
ECIV704,33142
ECIV704,24848
ECIV704,49723
ECIV704,14819
ECIV704,84028
ECIV705,55006
ECIV705,69344
ECIV705,85320
ECIV705,48610
ECIV705,42758
ECIV705,84402
ECIV705,25488
ECIV705,33142
ECIV705,24848
ECIV705,49723
ECIV705,14819
ECIV705,84028
ECIV706,55006
ECIV706,69344
ECIV706,85320
ECIV706,48610
ECIV706,42758
ECIV706,84402
ECIV706,25488
ECIV706,33142
ECIV706,24848
ECIV706,49723
ECIV706,14819
ECIV706,84028
ECIV801,22414
ECIV801,37615
ECIV801,37377
ECIV801,52674
ECIV801,64130
ECIV801,53320
ECIV801,47411
ECIV801,35662
ECIV801,80376
ECIV802,22414
ECIV802,37615
ECIV802,37377
ECIV802,52674
ECIV802,64130
ECIV802,53320
ECIV802,47411
ECIV802,35662
ECIV802,80376
ECIV803,22414
ECIV803,37615
ECIV803,37377
ECIV803,52674
ECIV803,64130
ECIV803,53320
ECIV803,47411
ECIV803,35662
ECIV803,80376
ECIV804,22414
ECIV804,37615
ECIV804,37377
ECIV804,52674
ECIV804,64130
ECIV804,53320
ECIV804,47411
ECIV804,35662
ECIV804,80376
ECIV805,22414
ECIV805,37615
ECIV805,37377
ECIV805,52674
ECIV805,64130
ECIV805,53320
ECIV805,47411
ECIV805,35662
ECIV805,80376
ECIV806,22414
ECIV806,37615
ECIV806,37377
ECIV806,52674
ECIV806,64130
ECIV806,53320
ECIV806,47411
ECIV806,35662
ECIV806,80376
SPSY101,61853
SPSY101,81145
SPSY101,69103
SPSY101,12165
SPSY101,28509
SPSY101,88024
SPSY101,80226
SPSY101,61923
SPSY101,47014
SPSY101,68890
SPSY101,15816
SPSY101,45994
SPSY102,61853
SPSY102,81145
SPSY102,69103
SPSY102,12165
SPSY102,28509
SPSY102,88024
SPSY102,80226
SPSY102,61923
SPSY102,47014
SPSY102,68890
SPSY102,15816
SPSY102,45994
SPSY103,61853
SPSY103,81145
SPSY103,69103
SPSY103,12165
SPSY103,28509
SPSY103,88024
SPSY103,80226
SPSY103,61923
SPSY103,47014
SPSY103,68890
SPSY103,15816
SPSY103,45994
SPSY104,61853
SPSY104,81145
SPSY104,69103
SPSY104,12165
SPSY104,28509
SPSY104,88024
SPSY104,80226
SPSY104,61923
SPSY104,47014
SPSY104,68890
SPSY104,15816
SPSY104,45994
SPSY105,61853
SPSY105,81145
SPSY105,69103
SPSY105,12165
SPSY105,28509
SPSY105,88024
SPSY105,80226
SPSY105,61923
SPSY105,47014
SPSY105,68890
SPSY105,15816
SPSY105,45994
SPSY106,61853
SPSY106,81145
SPSY106,69103
SPSY106,12165
SPSY106,28509
SPSY106,88024
SPSY106,80226
SPSY106,61923
SPSY106,47014
SPSY106,68890
SPSY106,15816
SPSY106,45994
SPSY201,86263
SPSY201,60777
SPSY201,84223
SPSY201,65787
SPSY201,38855
SPSY201,24699
SPSY202,86263
SPSY202,60777
SPSY202,84223
SPSY202,65787
SPSY202,38855
SPSY202,24699
SPSY203,86263
SPSY203,60777
SPSY203,84223
SPSY203,65787
SPSY203,38855
SPSY203,24699
SPSY204,86263
SPSY204,60777
SPSY204,84223
SPSY204,65787
SPSY204,38855
SPSY204,24699
SPSY205,86263
SPSY205,60777
SPSY205,84223
SPSY205,65787
SPSY205,38855
SPSY205,24699
SPSY206,86263
SPSY206,60777
SPSY206,84223
SPSY206,65787
SPSY206,38855
SPSY206,24699
SPSY301,79787
SPSY301,56541
SPSY301,67551
SPSY301,38155
SPSY301,83347
SPSY301,48127
SPSY301,59290
SPSY301,92510
SPSY301,49965
SPSY301,39414
SPSY302,79787
SPSY302,56541
SPSY302,67551
SPSY302,38155
SPSY302,83347
SPSY302,48127
SPSY302,59290
SPSY302,92510
SPSY302,49965
SPSY302,39414
SPSY303,79787
SPSY303,56541
SPSY303,67551
SPSY303,38155
SPSY303,83347
SPSY303,48127
SPSY303,59290
SPSY303,92510
SPSY303,49965
SPSY303,39414
SPSY304,79787
SPSY304,56541
SPSY304,67551
SPSY304,38155
SPSY304,83347
SPSY304,48127
SPSY304,59290
SPSY304,92510
SPSY304,49965
SPSY304,39414
SPSY305,79787
SPSY305,56541
SPSY305,67551
SPSY305,38155
SPSY305,83347
SPSY305,48127
SPSY305,59290
SPSY305,92510
SPSY305,49965
SPSY305,39414
SPSY306,79787
SPSY306,56541
SPSY306,67551
SPSY306,38155
SPSY306,83347
SPSY306,48127
SPSY306,59290
SPSY306,92510
SPSY306,49965
SPSY306,39414
SPSY401,86087
SPSY401,59599
SPSY401,96621
SPSY401,81555
SPSY401,49980
SPSY401,84218
SPSY401,51627
SPSY401,64661
SPSY401,10445
SPSY401,51505
SPSY401,69277
SPSY401,87486
SPSY401,13537
SPSY402,86087
SPSY402,59599
SPSY402,96621
SPSY402,81555
SPSY402,49980
SPSY402,84218
SPSY402,51627
SPSY402,64661
SPSY402,10445
SPSY402,51505
SPSY402,69277
SPSY402,87486
SPSY402,13537
SPSY403,86087
SPSY403,59599
SPSY403,96621
SPSY403,81555
SPSY403,49980
SPSY403,84218
SPSY403,51627
SPSY403,64661
SPSY403,10445
SPSY403,51505
SPSY403,69277
SPSY403,87486
SPSY403,13537
SPSY404,86087
SPSY404,59599
SPSY404,96621
SPSY404,81555
SPSY404,49980
SPSY404,84218
SPSY404,51627
SPSY404,64661
SPSY404,10445
SPSY404,51505
SPSY404,69277
SPSY404,87486
SPSY404,13537
SPSY405,86087
SPSY405,59599
SPSY405,96621
SPSY405,81555
SPSY405,49980
SPSY405,84218
SPSY405,51627
SPSY405,64661
SPSY405,10445
SPSY405,51505
SPSY405,69277
SPSY405,87486
SPSY405,13537
SPSY406,86087
SPSY406,59599
SPSY406,96621
SPSY406,81555
SPSY406,49980
SPSY406,84218
SPSY406,51627
SPSY406,64661
SPSY406,10445
SPSY406,51505
SPSY406,69277
SPSY406,87486
SPSY406,13537
SPSY501,36397
SPSY501,61593
SPSY501,14042
SPSY501,88035
SPSY501,25552
SPSY501,53984
SPSY501,92276
SPSY501,31983
SPSY502,36397
SPSY502,61593
SPSY502,14042
SPSY502,88035
SPSY502,25552
SPSY502,53984
SPSY502,92276
SPSY502,31983
SPSY503,36397
SPSY503,61593
SPSY503,14042
SPSY503,88035
SPSY503,25552
SPSY503,53984
SPSY503,92276
SPSY503,31983
SPSY504,36397
SPSY504,61593
SPSY504,14042
SPSY504,88035
SPSY504,25552
SPSY504,53984
SPSY504,92276
SPSY504,31983
SPSY505,36397
SPSY505,61593
SPSY505,14042
SPSY505,88035
SPSY505,25552
SPSY505,53984
SPSY505,92276
SPSY505,31983
SPSY506,36397
SPSY506,61593
SPSY506,14042
SPSY506,88035
SPSY506,25552
SPSY506,53984
SPSY506,92276
SPSY506,31983
SPSY601,88199
SPSY601,68619
SPSY601,82219
SPSY601,71816
SPSY601,90807
SPSY601,12532
SPSY601,19691
SPSY601,25482
SPSY601,24169
SPSY601,66022
SPSY601,93044
SPSY601,70721
SPSY601,44972
SPSY601,17824
SPSY602,88199
SPSY602,68619
SPSY602,82219
SPSY602,71816
SPSY602,90807
SPSY602,12532
SPSY602,19691
SPSY602,25482
SPSY602,24169
SPSY602,66022
SPSY602,93044
SPSY602,70721
SPSY602,44972
SPSY602,17824
SPSY603,88199
SPSY603,68619
SPSY603,82219
SPSY603,71816
SPSY603,90807
SPSY603,12532
SPSY603,19691
SPSY603,25482
SPSY603,24169
SPSY603,66022
SPSY603,93044
SPSY603,70721
SPSY603,44972
SPSY603,17824
SPSY604,88199
SPSY604,68619
SPSY604,82219
SPSY604,71816
SPSY604,90807
SPSY604,12532
SPSY604,19691
SPSY604,25482
SPSY604,24169
SPSY604,66022
SPSY604,93044
SPSY604,70721
SPSY604,44972
SPSY604,17824
SPSY605,88199
SPSY605,68619
SPSY605,82219
SPSY605,71816
SPSY605,90807
SPSY605,12532
SPSY605,19691
SPSY605,25482
SPSY605,24169
SPSY605,66022
SPSY605,93044
SPSY605,70721
SPSY605,44972
SPSY605,17824
SPSY606,88199
SPSY606,68619
SPSY606,82219
SPSY606,71816
SPSY606,90807
SPSY606,12532
SPSY606,19691
SPSY606,25482
SPSY606,24169
SPSY606,66022
SPSY606,93044
SPSY606,70721
SPSY606,44972
SPSY606,17824
SPSY701,50822
SPSY701,86284
SPSY701,64212
SPSY701,66507
SPSY701,16956
SPSY701,92778
SPSY701,34711
SPSY701,36950
SPSY701,74493
SPSY701,76070
SPSY702,50822
SPSY702,86284
SPSY702,64212
SPSY702,66507
SPSY702,16956
SPSY702,92778
SPSY702,34711
SPSY702,36950
SPSY702,74493
SPSY702,76070
SPSY703,50822
SPSY703,86284
SPSY703,64212
SPSY703,66507
SPSY703,16956
SPSY703,92778
SPSY703,34711
SPSY703,36950
SPSY703,74493
SPSY703,76070
SPSY704,50822
SPSY704,86284
SPSY704,64212
SPSY704,66507
SPSY704,16956
SPSY704,92778
SPSY704,34711
SPSY704,36950
SPSY704,74493
SPSY704,76070
SPSY705,50822
SPSY705,86284
SPSY705,64212
SPSY705,66507
SPSY705,16956
SPSY705,92778
SPSY705,34711
SPSY705,36950
SPSY705,74493
SPSY705,76070
SPSY706,50822
SPSY706,86284
SPSY706,64212
SPSY706,66507
SPSY706,16956
SPSY706,92778
SPSY706,34711
SPSY706,36950
SPSY706,74493
SPSY706,76070
SPSY801,93537
SPSY801,61909
SPSY801,98797
SPSY801,97420
SPSY801,80742
SPSY801,99579
SPSY801,84061
SPSY801,60712
SPSY801,59398
SPSY801,31296
SPSY801,87505
SPSY801,64040
SPSY801,69274
SPSY801,30388
SPSY801,66281
SPSY802,93537
SPSY802,61909
SPSY802,98797
SPSY802,97420
SPSY802,80742
SPSY802,99579
SPSY802,84061
SPSY802,60712
SPSY802,59398
SPSY802,31296
SPSY802,87505
SPSY802,64040
SPSY802,69274
SPSY802,30388
SPSY802,66281
SPSY803,93537
SPSY803,61909
SPSY803,98797
SPSY803,97420
SPSY803,80742
SPSY803,99579
SPSY803,84061
SPSY803,60712
SPSY803,59398
SPSY803,31296
SPSY803,87505
SPSY803,64040
SPSY803,69274
SPSY803,30388
SPSY803,66281
SPSY804,93537
SPSY804,61909
SPSY804,98797
SPSY804,97420
SPSY804,80742
SPSY804,99579
SPSY804,84061
SPSY804,60712
SPSY804,59398
SPSY804,31296
SPSY804,87505
SPSY804,64040
SPSY804,69274
SPSY804,30388
SPSY804,66281
SPSY805,93537
SPSY805,61909
SPSY805,98797
SPSY805,97420
SPSY805,80742
SPSY805,99579
SPSY805,84061
SPSY805,60712
SPSY805,59398
SPSY805,31296
SPSY805,87505
SPSY805,64040
SPSY805,69274
SPSY805,30388
SPSY805,66281
SPSY806,93537
SPSY806,61909
SPSY806,98797
SPSY806,97420
SPSY806,80742
SPSY806,99579
SPSY806,84061
SPSY806,60712
SPSY806,59398
SPSY806,31296
SPSY806,87505
SPSY806,64040
SPSY806,69274
SPSY806,30388
SPSY806,66281
SMAT101,24898
SMAT101,76868
SMAT101,76045
SMAT101,77283
SMAT101,18394
SMAT101,34956
SMAT102,24898
SMAT102,76868
SMAT102,76045
SMAT102,77283
SMAT102,18394
SMAT102,34956
SMAT103,24898
SMAT103,76868
SMAT103,76045
SMAT103,77283
SMAT103,18394
SMAT103,34956
SMAT104,24898
SMAT104,76868
SMAT104,76045
SMAT104,77283
SMAT104,18394
SMAT104,34956
SMAT105,24898
SMAT105,76868
SMAT105,76045
SMAT105,77283
SMAT105,18394
SMAT105,34956
SMAT106,24898
SMAT106,76868
SMAT106,76045
SMAT106,77283
SMAT106,18394
SMAT106,34956
SMAT201,20277
SMAT201,53048
SMAT201,28351
SMAT201,88274
SMAT201,84387
SMAT201,75042
SMAT201,66399
SMAT201,56464
SMAT202,20277
SMAT202,53048
SMAT202,28351
SMAT202,88274
SMAT202,84387
SMAT202,75042
SMAT202,66399
SMAT202,56464
SMAT203,20277
SMAT203,53048
SMAT203,28351
SMAT203,88274
SMAT203,84387
SMAT203,75042
SMAT203,66399
SMAT203,56464
SMAT204,20277
SMAT204,53048
SMAT204,28351
SMAT204,88274
SMAT204,84387
SMAT204,75042
SMAT204,66399
SMAT204,56464
SMAT205,20277
SMAT205,53048
SMAT205,28351
SMAT205,88274
SMAT205,84387
SMAT205,75042
SMAT205,66399
SMAT205,56464
SMAT206,20277
SMAT206,53048
SMAT206,28351
SMAT206,88274
SMAT206,84387
SMAT206,75042
SMAT206,66399
SMAT206,56464
SMAT301,42406
SMAT301,57453
SMAT301,74170
SMAT301,85151
SMAT301,57558
SMAT302,42406
SMAT302,57453
SMAT302,74170
SMAT302,85151
SMAT302,57558
SMAT303,42406
SMAT303,57453
SMAT303,74170
SMAT303,85151
SMAT303,57558
SMAT304,42406
SMAT304,57453
SMAT304,74170
SMAT304,85151
SMAT304,57558
SMAT305,42406
SMAT305,57453
SMAT305,74170
SMAT305,85151
SMAT305,57558
SMAT306,42406
SMAT306,57453
SMAT306,74170
SMAT306,85151
SMAT306,57558
SMAT401,16681
SMAT401,53560
SMAT401,73801
SMAT401,63264
SMAT401,66916
SMAT402,16681
SMAT402,53560
SMAT402,73801
SMAT402,63264
SMAT402,66916
SMAT403,16681
SMAT403,53560
SMAT403,73801
SMAT403,63264
SMAT403,66916
SMAT404,16681
SMAT404,53560
SMAT404,73801
SMAT404,63264
SMAT404,66916
SMAT405,16681
SMAT405,53560
SMAT405,73801
SMAT405,63264
SMAT405,66916
SMAT406,16681
SMAT406,53560
SMAT406,73801
SMAT406,63264
SMAT406,66916
SMAT501,82804
SMAT501,99577
SMAT501,98091
SMAT501,75965
SMAT501,27933
SMAT501,55889
SMAT501,49453
SMAT501,28544
SMAT501,57055
SMAT501,41796
SMAT501,36914
SMAT501,10716
SMAT501,79763
SMAT501,64974
SMAT501,87352
SMAT502,82804
SMAT502,99577
SMAT502,98091
SMAT502,75965
SMAT502,27933
SMAT502,55889
SMAT502,49453
SMAT502,28544
SMAT502,57055
SMAT502,41796
SMAT502,36914
SMAT502,10716
SMAT502,79763
SMAT502,64974
SMAT502,87352
SMAT503,82804
SMAT503,99577
SMAT503,98091
SMAT503,75965
SMAT503,27933
SMAT503,55889
SMAT503,49453
SMAT503,28544
SMAT503,57055
SMAT503,41796
SMAT503,36914
SMAT503,10716
SMAT503,79763
SMAT503,64974
SMAT503,87352
SMAT504,82804
SMAT504,99577
SMAT504,98091
SMAT504,75965
SMAT504,27933
SMAT504,55889
SMAT504,49453
SMAT504,28544
SMAT504,57055
SMAT504,41796
SMAT504,36914
SMAT504,10716
SMAT504,79763
SMAT504,64974
SMAT504,87352
SMAT505,82804
SMAT505,99577
SMAT505,98091
SMAT505,75965
SMAT505,27933
SMAT505,55889
SMAT505,49453
SMAT505,28544
SMAT505,57055
SMAT505,41796
SMAT505,36914
SMAT505,10716
SMAT505,79763
SMAT505,64974
SMAT505,87352
SMAT506,82804
SMAT506,99577
SMAT506,98091
SMAT506,75965
SMAT506,27933
SMAT506,55889
SMAT506,49453
SMAT506,28544
SMAT506,57055
SMAT506,41796
SMAT506,36914
SMAT506,10716
SMAT506,79763
SMAT506,64974
SMAT506,87352
SMAT601,36615
SMAT601,22562
SMAT601,21726
SMAT601,42537
SMAT601,53714
SMAT601,12202
SMAT601,18089
SMAT601,25414
SMAT601,92425
SMAT601,44138
SMAT601,85965
SMAT601,48785
SMAT601,19788
SMAT601,11771
SMAT601,85832
SMAT602,36615
SMAT602,22562
SMAT602,21726
SMAT602,42537
SMAT602,53714
SMAT602,12202
SMAT602,18089
SMAT602,25414
SMAT602,92425
SMAT602,44138
SMAT602,85965
SMAT602,48785
SMAT602,19788
SMAT602,11771
SMAT602,85832
SMAT603,36615
SMAT603,22562
SMAT603,21726
SMAT603,42537
SMAT603,53714
SMAT603,12202
SMAT603,18089
SMAT603,25414
SMAT603,92425
SMAT603,44138
SMAT603,85965
SMAT603,48785
SMAT603,19788
SMAT603,11771
SMAT603,85832
SMAT604,36615
SMAT604,22562
SMAT604,21726
SMAT604,42537
SMAT604,53714
SMAT604,12202
SMAT604,18089
SMAT604,25414
SMAT604,92425
SMAT604,44138
SMAT604,85965
SMAT604,48785
SMAT604,19788
SMAT604,11771
SMAT604,85832
SMAT605,36615
SMAT605,22562
SMAT605,21726
SMAT605,42537
SMAT605,53714
SMAT605,12202
SMAT605,18089
SMAT605,25414
SMAT605,92425
SMAT605,44138
SMAT605,85965
SMAT605,48785
SMAT605,19788
SMAT605,11771
SMAT605,85832
SMAT606,36615
SMAT606,22562
SMAT606,21726
SMAT606,42537
SMAT606,53714
SMAT606,12202
SMAT606,18089
SMAT606,25414
SMAT606,92425
SMAT606,44138
SMAT606,85965
SMAT606,48785
SMAT606,19788
SMAT606,11771
SMAT606,85832
SMAT701,38197
SMAT701,86101
SMAT701,71091
SMAT701,85833
SMAT701,55820
SMAT702,38197
SMAT702,86101
SMAT702,71091
SMAT702,85833
SMAT702,55820
SMAT703,38197
SMAT703,86101
SMAT703,71091
SMAT703,85833
SMAT703,55820
SMAT704,38197
SMAT704,86101
SMAT704,71091
SMAT704,85833
SMAT704,55820
SMAT705,38197
SMAT705,86101
SMAT705,71091
SMAT705,85833
SMAT705,55820
SMAT706,38197
SMAT706,86101
SMAT706,71091
SMAT706,85833
SMAT706,55820
SMAT801,63638
SMAT801,42185
SMAT801,48205
SMAT801,86986
SMAT801,38821
SMAT801,20239
SMAT802,63638
SMAT802,42185
SMAT802,48205
SMAT802,86986
SMAT802,38821
SMAT802,20239
SMAT803,63638
SMAT803,42185
SMAT803,48205
SMAT803,86986
SMAT803,38821
SMAT803,20239
SMAT804,63638
SMAT804,42185
SMAT804,48205
SMAT804,86986
SMAT804,38821
SMAT804,20239
SMAT805,63638
SMAT805,42185
SMAT805,48205
SMAT805,86986
SMAT805,38821
SMAT805,20239
SMAT806,63638
SMAT806,42185
SMAT806,48205
SMAT806,86986
SMAT806,38821
SMAT806,20239
SPHY101,14351
SPHY101,42334
SPHY101,28005
SPHY101,13130
SPHY101,31418
SPHY101,99544
SPHY101,49964
SPHY101,18675
SPHY101,84610
SPHY101,71511
SPHY101,23685
SPHY102,14351
SPHY102,42334
SPHY102,28005
SPHY102,13130
SPHY102,31418
SPHY102,99544
SPHY102,49964
SPHY102,18675
SPHY102,84610
SPHY102,71511
SPHY102,23685
SPHY103,14351
SPHY103,42334
SPHY103,28005
SPHY103,13130
SPHY103,31418
SPHY103,99544
SPHY103,49964
SPHY103,18675
SPHY103,84610
SPHY103,71511
SPHY103,23685
SPHY104,14351
SPHY104,42334
SPHY104,28005
SPHY104,13130
SPHY104,31418
SPHY104,99544
SPHY104,49964
SPHY104,18675
SPHY104,84610
SPHY104,71511
SPHY104,23685
SPHY105,14351
SPHY105,42334
SPHY105,28005
SPHY105,13130
SPHY105,31418
SPHY105,99544
SPHY105,49964
SPHY105,18675
SPHY105,84610
SPHY105,71511
SPHY105,23685
SPHY106,14351
SPHY106,42334
SPHY106,28005
SPHY106,13130
SPHY106,31418
SPHY106,99544
SPHY106,49964
SPHY106,18675
SPHY106,84610
SPHY106,71511
SPHY106,23685
SPHY201,55955
SPHY201,48882
SPHY201,68949
SPHY201,10974
SPHY201,70638
SPHY201,55198
SPHY201,11841
SPHY201,10758
SPHY201,14993
SPHY201,40480
SPHY201,43035
SPHY201,29321
SPHY202,55955
SPHY202,48882
SPHY202,68949
SPHY202,10974
SPHY202,70638
SPHY202,55198
SPHY202,11841
SPHY202,10758
SPHY202,14993
SPHY202,40480
SPHY202,43035
SPHY202,29321
SPHY203,55955
SPHY203,48882
SPHY203,68949
SPHY203,10974
SPHY203,70638
SPHY203,55198
SPHY203,11841
SPHY203,10758
SPHY203,14993
SPHY203,40480
SPHY203,43035
SPHY203,29321
SPHY204,55955
SPHY204,48882
SPHY204,68949
SPHY204,10974
SPHY204,70638
SPHY204,55198
SPHY204,11841
SPHY204,10758
SPHY204,14993
SPHY204,40480
SPHY204,43035
SPHY204,29321
SPHY205,55955
SPHY205,48882
SPHY205,68949
SPHY205,10974
SPHY205,70638
SPHY205,55198
SPHY205,11841
SPHY205,10758
SPHY205,14993
SPHY205,40480
SPHY205,43035
SPHY205,29321
SPHY206,55955
SPHY206,48882
SPHY206,68949
SPHY206,10974
SPHY206,70638
SPHY206,55198
SPHY206,11841
SPHY206,10758
SPHY206,14993
SPHY206,40480
SPHY206,43035
SPHY206,29321
SPHY301,87434
SPHY301,24592
SPHY301,99086
SPHY301,28296
SPHY301,77215
SPHY301,88693
SPHY301,21482
SPHY301,95706
SPHY301,29549
SPHY301,10026
SPHY301,20063
SPHY301,39974
SPHY301,41603
SPHY302,87434
SPHY302,24592
SPHY302,99086
SPHY302,28296
SPHY302,77215
SPHY302,88693
SPHY302,21482
SPHY302,95706
SPHY302,29549
SPHY302,10026
SPHY302,20063
SPHY302,39974
SPHY302,41603
SPHY303,87434
SPHY303,24592
SPHY303,99086
SPHY303,28296
SPHY303,77215
SPHY303,88693
SPHY303,21482
SPHY303,95706
SPHY303,29549
SPHY303,10026
SPHY303,20063
SPHY303,39974
SPHY303,41603
SPHY304,87434
SPHY304,24592
SPHY304,99086
SPHY304,28296
SPHY304,77215
SPHY304,88693
SPHY304,21482
SPHY304,95706
SPHY304,29549
SPHY304,10026
SPHY304,20063
SPHY304,39974
SPHY304,41603
SPHY305,87434
SPHY305,24592
SPHY305,99086
SPHY305,28296
SPHY305,77215
SPHY305,88693
SPHY305,21482
SPHY305,95706
SPHY305,29549
SPHY305,10026
SPHY305,20063
SPHY305,39974
SPHY305,41603
SPHY306,87434
SPHY306,24592
SPHY306,99086
SPHY306,28296
SPHY306,77215
SPHY306,88693
SPHY306,21482
SPHY306,95706
SPHY306,29549
SPHY306,10026
SPHY306,20063
SPHY306,39974
SPHY306,41603
SPHY401,20372
SPHY401,54388
SPHY401,14869
SPHY401,90885
SPHY401,40599
SPHY401,83566
SPHY401,57336
SPHY401,11537
SPHY401,53202
SPHY401,18866
SPHY401,38336
SPHY402,20372
SPHY402,54388
SPHY402,14869
SPHY402,90885
SPHY402,40599
SPHY402,83566
SPHY402,57336
SPHY402,11537
SPHY402,53202
SPHY402,18866
SPHY402,38336
SPHY403,20372
SPHY403,54388
SPHY403,14869
SPHY403,90885
SPHY403,40599
SPHY403,83566
SPHY403,57336
SPHY403,11537
SPHY403,53202
SPHY403,18866
SPHY403,38336
SPHY404,20372
SPHY404,54388
SPHY404,14869
SPHY404,90885
SPHY404,40599
SPHY404,83566
SPHY404,57336
SPHY404,11537
SPHY404,53202
SPHY404,18866
SPHY404,38336
SPHY405,20372
SPHY405,54388
SPHY405,14869
SPHY405,90885
SPHY405,40599
SPHY405,83566
SPHY405,57336
SPHY405,11537
SPHY405,53202
SPHY405,18866
SPHY405,38336
SPHY406,20372
SPHY406,54388
SPHY406,14869
SPHY406,90885
SPHY406,40599
SPHY406,83566
SPHY406,57336
SPHY406,11537
SPHY406,53202
SPHY406,18866
SPHY406,38336
SPHY501,71083
SPHY501,96349
SPHY501,35887
SPHY501,78369
SPHY501,41377
SPHY501,14953
SPHY501,82755
SPHY501,69741
SPHY501,41104
SPHY502,71083
SPHY502,96349
SPHY502,35887
SPHY502,78369
SPHY502,41377
SPHY502,14953
SPHY502,82755
SPHY502,69741
SPHY502,41104
SPHY503,71083
SPHY503,96349
SPHY503,35887
SPHY503,78369
SPHY503,41377
SPHY503,14953
SPHY503,82755
SPHY503,69741
SPHY503,41104
SPHY504,71083
SPHY504,96349
SPHY504,35887
SPHY504,78369
SPHY504,41377
SPHY504,14953
SPHY504,82755
SPHY504,69741
SPHY504,41104
SPHY505,71083
SPHY505,96349
SPHY505,35887
SPHY505,78369
SPHY505,41377
SPHY505,14953
SPHY505,82755
SPHY505,69741
SPHY505,41104
SPHY506,71083
SPHY506,96349
SPHY506,35887
SPHY506,78369
SPHY506,41377
SPHY506,14953
SPHY506,82755
SPHY506,69741
SPHY506,41104
SPHY601,47201
SPHY601,91470
SPHY601,59561
SPHY601,55876
SPHY601,56733
SPHY601,83756
SPHY601,54716
SPHY601,88017
SPHY602,47201
SPHY602,91470
SPHY602,59561
SPHY602,55876
SPHY602,56733
SPHY602,83756
SPHY602,54716
SPHY602,88017
SPHY603,47201
SPHY603,91470
SPHY603,59561
SPHY603,55876
SPHY603,56733
SPHY603,83756
SPHY603,54716
SPHY603,88017
SPHY604,47201
SPHY604,91470
SPHY604,59561
SPHY604,55876
SPHY604,56733
SPHY604,83756
SPHY604,54716
SPHY604,88017
SPHY605,47201
SPHY605,91470
SPHY605,59561
SPHY605,55876
SPHY605,56733
SPHY605,83756
SPHY605,54716
SPHY605,88017
SPHY606,47201
SPHY606,91470
SPHY606,59561
SPHY606,55876
SPHY606,56733
SPHY606,83756
SPHY606,54716
SPHY606,88017
SPHY701,40684
SPHY701,27560
SPHY701,53181
SPHY701,36758
SPHY701,55702
SPHY701,65667
SPHY701,95608
SPHY701,40664
SPHY701,70972
SPHY702,40684
SPHY702,27560
SPHY702,53181
SPHY702,36758
SPHY702,55702
SPHY702,65667
SPHY702,95608
SPHY702,40664
SPHY702,70972
SPHY703,40684
SPHY703,27560
SPHY703,53181
SPHY703,36758
SPHY703,55702
SPHY703,65667
SPHY703,95608
SPHY703,40664
SPHY703,70972
SPHY704,40684
SPHY704,27560
SPHY704,53181
SPHY704,36758
SPHY704,55702
SPHY704,65667
SPHY704,95608
SPHY704,40664
SPHY704,70972
SPHY705,40684
SPHY705,27560
SPHY705,53181
SPHY705,36758
SPHY705,55702
SPHY705,65667
SPHY705,95608
SPHY705,40664
SPHY705,70972
SPHY706,40684
SPHY706,27560
SPHY706,53181
SPHY706,36758
SPHY706,55702
SPHY706,65667
SPHY706,95608
SPHY706,40664
SPHY706,70972
SPHY801,76371
SPHY801,98727
SPHY801,10397
SPHY801,58592
SPHY801,21896
SPHY801,61245
SPHY801,15874
SPHY801,33438
SPHY802,76371
SPHY802,98727
SPHY802,10397
SPHY802,58592
SPHY802,21896
SPHY802,61245
SPHY802,15874
SPHY802,33438
SPHY803,76371
SPHY803,98727
SPHY803,10397
SPHY803,58592
SPHY803,21896
SPHY803,61245
SPHY803,15874
SPHY803,33438
SPHY804,76371
SPHY804,98727
SPHY804,10397
SPHY804,58592
SPHY804,21896
SPHY804,61245
SPHY804,15874
SPHY804,33438
SPHY805,76371
SPHY805,98727
SPHY805,10397
SPHY805,58592
SPHY805,21896
SPHY805,61245
SPHY805,15874
SPHY805,33438
SPHY806,76371
SPHY806,98727
SPHY806,10397
SPHY806,58592
SPHY806,21896
SPHY806,61245
SPHY806,15874
SPHY806,33438
EMAT101,40779
EMAT101,78743
EMAT101,65695
EMAT101,86725
EMAT101,55373
EMAT101,24408
EMAT101,57698
EMAT101,33863
EMAT101,44265
EMAT101,75036
EMAT101,35523
EMAT102,40779
EMAT102,78743
EMAT102,65695
EMAT102,86725
EMAT102,55373
EMAT102,24408
EMAT102,57698
EMAT102,33863
EMAT102,44265
EMAT102,75036
EMAT102,35523
EMAT103,40779
EMAT103,78743
EMAT103,65695
EMAT103,86725
EMAT103,55373
EMAT103,24408
EMAT103,57698
EMAT103,33863
EMAT103,44265
EMAT103,75036
EMAT103,35523
EMAT104,40779
EMAT104,78743
EMAT104,65695
EMAT104,86725
EMAT104,55373
EMAT104,24408
EMAT104,57698
EMAT104,33863
EMAT104,44265
EMAT104,75036
EMAT104,35523
EMAT105,40779
EMAT105,78743
EMAT105,65695
EMAT105,86725
EMAT105,55373
EMAT105,24408
EMAT105,57698
EMAT105,33863
EMAT105,44265
EMAT105,75036
EMAT105,35523
EMAT106,40779
EMAT106,78743
EMAT106,65695
EMAT106,86725
EMAT106,55373
EMAT106,24408
EMAT106,57698
EMAT106,33863
EMAT106,44265
EMAT106,75036
EMAT106,35523
EMAT201,36429
EMAT201,10038
EMAT201,96489
EMAT201,37293
EMAT201,34864
EMAT201,65617
EMAT201,59212
EMAT201,13848
EMAT201,56685
EMAT201,11442
EMAT201,67872
EMAT202,36429
EMAT202,10038
EMAT202,96489
EMAT202,37293
EMAT202,34864
EMAT202,65617
EMAT202,59212
EMAT202,13848
EMAT202,56685
EMAT202,11442
EMAT202,67872
EMAT203,36429
EMAT203,10038
EMAT203,96489
EMAT203,37293
EMAT203,34864
EMAT203,65617
EMAT203,59212
EMAT203,13848
EMAT203,56685
EMAT203,11442
EMAT203,67872
EMAT204,36429
EMAT204,10038
EMAT204,96489
EMAT204,37293
EMAT204,34864
EMAT204,65617
EMAT204,59212
EMAT204,13848
EMAT204,56685
EMAT204,11442
EMAT204,67872
EMAT205,36429
EMAT205,10038
EMAT205,96489
EMAT205,37293
EMAT205,34864
EMAT205,65617
EMAT205,59212
EMAT205,13848
EMAT205,56685
EMAT205,11442
EMAT205,67872
EMAT206,36429
EMAT206,10038
EMAT206,96489
EMAT206,37293
EMAT206,34864
EMAT206,65617
EMAT206,59212
EMAT206,13848
EMAT206,56685
EMAT206,11442
EMAT206,67872
EMAT301,20524
EMAT301,56682
EMAT301,13449
EMAT301,53435
EMAT301,94959
EMAT301,36129
EMAT301,16124
EMAT301,14881
EMAT301,69191
EMAT301,94739
EMAT301,21029
EMAT301,37936
EMAT301,91638
EMAT302,20524
EMAT302,56682
EMAT302,13449
EMAT302,53435
EMAT302,94959
EMAT302,36129
EMAT302,16124
EMAT302,14881
EMAT302,69191
EMAT302,94739
EMAT302,21029
EMAT302,37936
EMAT302,91638
EMAT303,20524
EMAT303,56682
EMAT303,13449
EMAT303,53435
EMAT303,94959
EMAT303,36129
EMAT303,16124
EMAT303,14881
EMAT303,69191
EMAT303,94739
EMAT303,21029
EMAT303,37936
EMAT303,91638
EMAT304,20524
EMAT304,56682
EMAT304,13449
EMAT304,53435
EMAT304,94959
EMAT304,36129
EMAT304,16124
EMAT304,14881
EMAT304,69191
EMAT304,94739
EMAT304,21029
EMAT304,37936
EMAT304,91638
EMAT305,20524
EMAT305,56682
EMAT305,13449
EMAT305,53435
EMAT305,94959
EMAT305,36129
EMAT305,16124
EMAT305,14881
EMAT305,69191
EMAT305,94739
EMAT305,21029
EMAT305,37936
EMAT305,91638
EMAT306,20524
EMAT306,56682
EMAT306,13449
EMAT306,53435
EMAT306,94959
EMAT306,36129
EMAT306,16124
EMAT306,14881
EMAT306,69191
EMAT306,94739
EMAT306,21029
EMAT306,37936
EMAT306,91638
EMAT401,31392
EMAT401,58192
EMAT401,53188
EMAT401,24448
EMAT401,25694
EMAT401,61666
EMAT401,83951
EMAT401,82824
EMAT401,34883
EMAT401,11891
EMAT401,87725
EMAT401,87433
EMAT401,24040
EMAT402,31392
EMAT402,58192
EMAT402,53188
EMAT402,24448
EMAT402,25694
EMAT402,61666
EMAT402,83951
EMAT402,82824
EMAT402,34883
EMAT402,11891
EMAT402,87725
EMAT402,87433
EMAT402,24040
EMAT403,31392
EMAT403,58192
EMAT403,53188
EMAT403,24448
EMAT403,25694
EMAT403,61666
EMAT403,83951
EMAT403,82824
EMAT403,34883
EMAT403,11891
EMAT403,87725
EMAT403,87433
EMAT403,24040
EMAT404,31392
EMAT404,58192
EMAT404,53188
EMAT404,24448
EMAT404,25694
EMAT404,61666
EMAT404,83951
EMAT404,82824
EMAT404,34883
EMAT404,11891
EMAT404,87725
EMAT404,87433
EMAT404,24040
EMAT405,31392
EMAT405,58192
EMAT405,53188
EMAT405,24448
EMAT405,25694
EMAT405,61666
EMAT405,83951
EMAT405,82824
EMAT405,34883
EMAT405,11891
EMAT405,87725
EMAT405,87433
EMAT405,24040
EMAT406,31392
EMAT406,58192
EMAT406,53188
EMAT406,24448
EMAT406,25694
EMAT406,61666
EMAT406,83951
EMAT406,82824
EMAT406,34883
EMAT406,11891
EMAT406,87725
EMAT406,87433
EMAT406,24040
EMAT501,72809
EMAT501,52326
EMAT501,68799
EMAT501,69833
EMAT501,29760
EMAT501,50488
EMAT501,55636
EMAT501,70371
EMAT501,39520
EMAT502,72809
EMAT502,52326
EMAT502,68799
EMAT502,69833
EMAT502,29760
EMAT502,50488
EMAT502,55636
EMAT502,70371
EMAT502,39520
EMAT503,72809
EMAT503,52326
EMAT503,68799
EMAT503,69833
EMAT503,29760
EMAT503,50488
EMAT503,55636
EMAT503,70371
EMAT503,39520
EMAT504,72809
EMAT504,52326
EMAT504,68799
EMAT504,69833
EMAT504,29760
EMAT504,50488
EMAT504,55636
EMAT504,70371
EMAT504,39520
EMAT505,72809
EMAT505,52326
EMAT505,68799
EMAT505,69833
EMAT505,29760
EMAT505,50488
EMAT505,55636
EMAT505,70371
EMAT505,39520
EMAT506,72809
EMAT506,52326
EMAT506,68799
EMAT506,69833
EMAT506,29760
EMAT506,50488
EMAT506,55636
EMAT506,70371
EMAT506,39520
EMAT601,34914
EMAT601,84483
EMAT601,84123
EMAT601,92324
EMAT601,75479
EMAT601,62308
EMAT601,87527
EMAT601,77244
EMAT601,36166
EMAT601,49151
EMAT602,34914
EMAT602,84483
EMAT602,84123
EMAT602,92324
EMAT602,75479
EMAT602,62308
EMAT602,87527
EMAT602,77244
EMAT602,36166
EMAT602,49151
EMAT603,34914
EMAT603,84483
EMAT603,84123
EMAT603,92324
EMAT603,75479
EMAT603,62308
EMAT603,87527
EMAT603,77244
EMAT603,36166
EMAT603,49151
EMAT604,34914
EMAT604,84483
EMAT604,84123
EMAT604,92324
EMAT604,75479
EMAT604,62308
EMAT604,87527
EMAT604,77244
EMAT604,36166
EMAT604,49151
EMAT605,34914
EMAT605,84483
EMAT605,84123
EMAT605,92324
EMAT605,75479
EMAT605,62308
EMAT605,87527
EMAT605,77244
EMAT605,36166
EMAT605,49151
EMAT606,34914
EMAT606,84483
EMAT606,84123
EMAT606,92324
EMAT606,75479
EMAT606,62308
EMAT606,87527
EMAT606,77244
EMAT606,36166
EMAT606,49151
EMAT701,96716
EMAT701,95291
EMAT701,97753
EMAT701,13090
EMAT701,31776
EMAT701,98817
EMAT701,31076
EMAT701,67074
EMAT701,36407
EMAT701,19503
EMAT701,69919
EMAT701,96158
EMAT702,96716
EMAT702,95291
EMAT702,97753
EMAT702,13090
EMAT702,31776
EMAT702,98817
EMAT702,31076
EMAT702,67074
EMAT702,36407
EMAT702,19503
EMAT702,69919
EMAT702,96158
EMAT703,96716
EMAT703,95291
EMAT703,97753
EMAT703,13090
EMAT703,31776
EMAT703,98817
EMAT703,31076
EMAT703,67074
EMAT703,36407
EMAT703,19503
EMAT703,69919
EMAT703,96158
EMAT704,96716
EMAT704,95291
EMAT704,97753
EMAT704,13090
EMAT704,31776
EMAT704,98817
EMAT704,31076
EMAT704,67074
EMAT704,36407
EMAT704,19503
EMAT704,69919
EMAT704,96158
EMAT705,96716
EMAT705,95291
EMAT705,97753
EMAT705,13090
EMAT705,31776
EMAT705,98817
EMAT705,31076
EMAT705,67074
EMAT705,36407
EMAT705,19503
EMAT705,69919
EMAT705,96158
EMAT706,96716
EMAT706,95291
EMAT706,97753
EMAT706,13090
EMAT706,31776
EMAT706,98817
EMAT706,31076
EMAT706,67074
EMAT706,36407
EMAT706,19503
EMAT706,69919
EMAT706,96158
EMAT801,47935
EMAT801,35548
EMAT801,95921
EMAT801,80296
EMAT801,10213
EMAT801,38544
EMAT801,55169
EMAT801,63357
EMAT802,47935
EMAT802,35548
EMAT802,95921
EMAT802,80296
EMAT802,10213
EMAT802,38544
EMAT802,55169
EMAT802,63357
EMAT803,47935
EMAT803,35548
EMAT803,95921
EMAT803,80296
EMAT803,10213
EMAT803,38544
EMAT803,55169
EMAT803,63357
EMAT804,47935
EMAT804,35548
EMAT804,95921
EMAT804,80296
EMAT804,10213
EMAT804,38544
EMAT804,55169
EMAT804,63357
EMAT805,47935
EMAT805,35548
EMAT805,95921
EMAT805,80296
EMAT805,10213
EMAT805,38544
EMAT805,55169
EMAT805,63357
EMAT806,47935
EMAT806,35548
EMAT806,95921
EMAT806,80296
EMAT806,10213
EMAT806,38544
EMAT806,55169
EMAT806,63357
EPHY101,68740
EPHY101,17623
EPHY101,91086
EPHY101,24752
EPHY101,77474
EPHY101,69700
EPHY101,82954
EPHY101,40460
EPHY101,69284
EPHY101,10621
EPHY101,62108
EPHY102,68740
EPHY102,17623
EPHY102,91086
EPHY102,24752
EPHY102,77474
EPHY102,69700
EPHY102,82954
EPHY102,40460
EPHY102,69284
EPHY102,10621
EPHY102,62108
EPHY103,68740
EPHY103,17623
EPHY103,91086
EPHY103,24752
EPHY103,77474
EPHY103,69700
EPHY103,82954
EPHY103,40460
EPHY103,69284
EPHY103,10621
EPHY103,62108
EPHY104,68740
EPHY104,17623
EPHY104,91086
EPHY104,24752
EPHY104,77474
EPHY104,69700
EPHY104,82954
EPHY104,40460
EPHY104,69284
EPHY104,10621
EPHY104,62108
EPHY105,68740
EPHY105,17623
EPHY105,91086
EPHY105,24752
EPHY105,77474
EPHY105,69700
EPHY105,82954
EPHY105,40460
EPHY105,69284
EPHY105,10621
EPHY105,62108
EPHY106,68740
EPHY106,17623
EPHY106,91086
EPHY106,24752
EPHY106,77474
EPHY106,69700
EPHY106,82954
EPHY106,40460
EPHY106,69284
EPHY106,10621
EPHY106,62108
EPHY201,11511
EPHY201,12788
EPHY201,82561
EPHY201,76410
EPHY201,51330
EPHY201,38061
EPHY201,40339
EPHY201,94075
EPHY201,92215
EPHY201,48240
EPHY202,11511
EPHY202,12788
EPHY202,82561
EPHY202,76410
EPHY202,51330
EPHY202,38061
EPHY202,40339
EPHY202,94075
EPHY202,92215
EPHY202,48240
EPHY203,11511
EPHY203,12788
EPHY203,82561
EPHY203,76410
EPHY203,51330
EPHY203,38061
EPHY203,40339
EPHY203,94075
EPHY203,92215
EPHY203,48240
EPHY204,11511
EPHY204,12788
EPHY204,82561
EPHY204,76410
EPHY204,51330
EPHY204,38061
EPHY204,40339
EPHY204,94075
EPHY204,92215
EPHY204,48240
EPHY205,11511
EPHY205,12788
EPHY205,82561
EPHY205,76410
EPHY205,51330
EPHY205,38061
EPHY205,40339
EPHY205,94075
EPHY205,92215
EPHY205,48240
EPHY206,11511
EPHY206,12788
EPHY206,82561
EPHY206,76410
EPHY206,51330
EPHY206,38061
EPHY206,40339
EPHY206,94075
EPHY206,92215
EPHY206,48240
EPHY301,75250
EPHY301,14805
EPHY301,68506
EPHY301,59525
EPHY301,86228
EPHY301,88055
EPHY301,49543
EPHY301,50947
EPHY301,66350
EPHY301,56457
EPHY301,93187
EPHY301,77977
EPHY302,75250
EPHY302,14805
EPHY302,68506
EPHY302,59525
EPHY302,86228
EPHY302,88055
EPHY302,49543
EPHY302,50947
EPHY302,66350
EPHY302,56457
EPHY302,93187
EPHY302,77977
EPHY303,75250
EPHY303,14805
EPHY303,68506
EPHY303,59525
EPHY303,86228
EPHY303,88055
EPHY303,49543
EPHY303,50947
EPHY303,66350
EPHY303,56457
EPHY303,93187
EPHY303,77977
EPHY304,75250
EPHY304,14805
EPHY304,68506
EPHY304,59525
EPHY304,86228
EPHY304,88055
EPHY304,49543
EPHY304,50947
EPHY304,66350
EPHY304,56457
EPHY304,93187
EPHY304,77977
EPHY305,75250
EPHY305,14805
EPHY305,68506
EPHY305,59525
EPHY305,86228
EPHY305,88055
EPHY305,49543
EPHY305,50947
EPHY305,66350
EPHY305,56457
EPHY305,93187
EPHY305,77977
EPHY306,75250
EPHY306,14805
EPHY306,68506
EPHY306,59525
EPHY306,86228
EPHY306,88055
EPHY306,49543
EPHY306,50947
EPHY306,66350
EPHY306,56457
EPHY306,93187
EPHY306,77977
EPHY401,39152
EPHY401,74685
EPHY401,70783
EPHY401,13540
EPHY401,23800
EPHY401,77546
EPHY401,33128
EPHY401,44515
EPHY401,36243
EPHY401,73899
EPHY402,39152
EPHY402,74685
EPHY402,70783
EPHY402,13540
EPHY402,23800
EPHY402,77546
EPHY402,33128
EPHY402,44515
EPHY402,36243
EPHY402,73899
EPHY403,39152
EPHY403,74685
EPHY403,70783
EPHY403,13540
EPHY403,23800
EPHY403,77546
EPHY403,33128
EPHY403,44515
EPHY403,36243
EPHY403,73899
EPHY404,39152
EPHY404,74685
EPHY404,70783
EPHY404,13540
EPHY404,23800
EPHY404,77546
EPHY404,33128
EPHY404,44515
EPHY404,36243
EPHY404,73899
EPHY405,39152
EPHY405,74685
EPHY405,70783
EPHY405,13540
EPHY405,23800
EPHY405,77546
EPHY405,33128
EPHY405,44515
EPHY405,36243
EPHY405,73899
EPHY406,39152
EPHY406,74685
EPHY406,70783
EPHY406,13540
EPHY406,23800
EPHY406,77546
EPHY406,33128
EPHY406,44515
EPHY406,36243
EPHY406,73899
EPHY501,48076
EPHY501,97723
EPHY501,74005
EPHY501,71988
EPHY501,68948
EPHY501,52262
EPHY501,56616
EPHY501,85217
EPHY501,26552
EPHY501,81455
EPHY501,80174
EPHY502,48076
EPHY502,97723
EPHY502,74005
EPHY502,71988
EPHY502,68948
EPHY502,52262
EPHY502,56616
EPHY502,85217
EPHY502,26552
EPHY502,81455
EPHY502,80174
EPHY503,48076
EPHY503,97723
EPHY503,74005
EPHY503,71988
EPHY503,68948
EPHY503,52262
EPHY503,56616
EPHY503,85217
EPHY503,26552
EPHY503,81455
EPHY503,80174
EPHY504,48076
EPHY504,97723
EPHY504,74005
EPHY504,71988
EPHY504,68948
EPHY504,52262
EPHY504,56616
EPHY504,85217
EPHY504,26552
EPHY504,81455
EPHY504,80174
EPHY505,48076
EPHY505,97723
EPHY505,74005
EPHY505,71988
EPHY505,68948
EPHY505,52262
EPHY505,56616
EPHY505,85217
EPHY505,26552
EPHY505,81455
EPHY505,80174
EPHY506,48076
EPHY506,97723
EPHY506,74005
EPHY506,71988
EPHY506,68948
EPHY506,52262
EPHY506,56616
EPHY506,85217
EPHY506,26552
EPHY506,81455
EPHY506,80174
EPHY601,58935
EPHY601,56280
EPHY601,39800
EPHY601,11134
EPHY601,31168
EPHY601,68436
EPHY601,43509
EPHY601,54073
EPHY602,58935
EPHY602,56280
EPHY602,39800
EPHY602,11134
EPHY602,31168
EPHY602,68436
EPHY602,43509
EPHY602,54073
EPHY603,58935
EPHY603,56280
EPHY603,39800
EPHY603,11134
EPHY603,31168
EPHY603,68436
EPHY603,43509
EPHY603,54073
EPHY604,58935
EPHY604,56280
EPHY604,39800
EPHY604,11134
EPHY604,31168
EPHY604,68436
EPHY604,43509
EPHY604,54073
EPHY605,58935
EPHY605,56280
EPHY605,39800
EPHY605,11134
EPHY605,31168
EPHY605,68436
EPHY605,43509
EPHY605,54073
EPHY606,58935
EPHY606,56280
EPHY606,39800
EPHY606,11134
EPHY606,31168
EPHY606,68436
EPHY606,43509
EPHY606,54073
EPHY701,72677
EPHY701,32044
EPHY701,13259
EPHY701,52584
EPHY701,98002
EPHY701,85671
EPHY701,27009
EPHY701,79919
EPHY701,73652
EPHY701,34646
EPHY701,82646
EPHY701,69706
EPHY701,24175
EPHY701,99418
EPHY702,72677
EPHY702,32044
EPHY702,13259
EPHY702,52584
EPHY702,98002
EPHY702,85671
EPHY702,27009
EPHY702,79919
EPHY702,73652
EPHY702,34646
EPHY702,82646
EPHY702,69706
EPHY702,24175
EPHY702,99418
EPHY703,72677
EPHY703,32044
EPHY703,13259
EPHY703,52584
EPHY703,98002
EPHY703,85671
EPHY703,27009
EPHY703,79919
EPHY703,73652
EPHY703,34646
EPHY703,82646
EPHY703,69706
EPHY703,24175
EPHY703,99418
EPHY704,72677
EPHY704,32044
EPHY704,13259
EPHY704,52584
EPHY704,98002
EPHY704,85671
EPHY704,27009
EPHY704,79919
EPHY704,73652
EPHY704,34646
EPHY704,82646
EPHY704,69706
EPHY704,24175
EPHY704,99418
EPHY705,72677
EPHY705,32044
EPHY705,13259
EPHY705,52584
EPHY705,98002
EPHY705,85671
EPHY705,27009
EPHY705,79919
EPHY705,73652
EPHY705,34646
EPHY705,82646
EPHY705,69706
EPHY705,24175
EPHY705,99418
EPHY706,72677
EPHY706,32044
EPHY706,13259
EPHY706,52584
EPHY706,98002
EPHY706,85671
EPHY706,27009
EPHY706,79919
EPHY706,73652
EPHY706,34646
EPHY706,82646
EPHY706,69706
EPHY706,24175
EPHY706,99418
EPHY801,11768
EPHY801,67507
EPHY801,69051
EPHY801,74755
EPHY801,90233
EPHY801,96681
EPHY801,35665
EPHY801,37457
EPHY801,38397
EPHY801,53121
EPHY801,27703
EPHY801,31372
EPHY801,28647
EPHY802,11768
EPHY802,67507
EPHY802,69051
EPHY802,74755
EPHY802,90233
EPHY802,96681
EPHY802,35665
EPHY802,37457
EPHY802,38397
EPHY802,53121
EPHY802,27703
EPHY802,31372
EPHY802,28647
EPHY803,11768
EPHY803,67507
EPHY803,69051
EPHY803,74755
EPHY803,90233
EPHY803,96681
EPHY803,35665
EPHY803,37457
EPHY803,38397
EPHY803,53121
EPHY803,27703
EPHY803,31372
EPHY803,28647
EPHY804,11768
EPHY804,67507
EPHY804,69051
EPHY804,74755
EPHY804,90233
EPHY804,96681
EPHY804,35665
EPHY804,37457
EPHY804,38397
EPHY804,53121
EPHY804,27703
EPHY804,31372
EPHY804,28647
EPHY805,11768
EPHY805,67507
EPHY805,69051
EPHY805,74755
EPHY805,90233
EPHY805,96681
EPHY805,35665
EPHY805,37457
EPHY805,38397
EPHY805,53121
EPHY805,27703
EPHY805,31372
EPHY805,28647
EPHY806,11768
EPHY806,67507
EPHY806,69051
EPHY806,74755
EPHY806,90233
EPHY806,96681
EPHY806,35665
EPHY806,37457
EPHY806,38397
EPHY806,53121
EPHY806,27703
EPHY806,31372
EPHY806,28647
ELIT101,97571
ELIT101,10114
ELIT101,75580
ELIT101,20128
ELIT101,34175
ELIT101,23616
ELIT101,69897
ELIT101,72916
ELIT101,38706
ELIT101,21097
ELIT101,41597
ELIT101,60643
ELIT101,36380
ELIT101,74224
ELIT102,97571
ELIT102,10114
ELIT102,75580
ELIT102,20128
ELIT102,34175
ELIT102,23616
ELIT102,69897
ELIT102,72916
ELIT102,38706
ELIT102,21097
ELIT102,41597
ELIT102,60643
ELIT102,36380
ELIT102,74224
ELIT103,97571
ELIT103,10114
ELIT103,75580
ELIT103,20128
ELIT103,34175
ELIT103,23616
ELIT103,69897
ELIT103,72916
ELIT103,38706
ELIT103,21097
ELIT103,41597
ELIT103,60643
ELIT103,36380
ELIT103,74224
ELIT104,97571
ELIT104,10114
ELIT104,75580
ELIT104,20128
ELIT104,34175
ELIT104,23616
ELIT104,69897
ELIT104,72916
ELIT104,38706
ELIT104,21097
ELIT104,41597
ELIT104,60643
ELIT104,36380
ELIT104,74224
ELIT105,97571
ELIT105,10114
ELIT105,75580
ELIT105,20128
ELIT105,34175
ELIT105,23616
ELIT105,69897
ELIT105,72916
ELIT105,38706
ELIT105,21097
ELIT105,41597
ELIT105,60643
ELIT105,36380
ELIT105,74224
ELIT106,97571
ELIT106,10114
ELIT106,75580
ELIT106,20128
ELIT106,34175
ELIT106,23616
ELIT106,69897
ELIT106,72916
ELIT106,38706
ELIT106,21097
ELIT106,41597
ELIT106,60643
ELIT106,36380
ELIT106,74224
ELIT201,31917
ELIT201,93288
ELIT201,24475
ELIT201,56921
ELIT201,43402
ELIT201,81925
ELIT201,20912
ELIT201,43418
ELIT201,51619
ELIT201,46012
ELIT201,85853
ELIT201,96218
ELIT201,74691
ELIT201,62697
ELIT202,31917
ELIT202,93288
ELIT202,24475
ELIT202,56921
ELIT202,43402
ELIT202,81925
ELIT202,20912
ELIT202,43418
ELIT202,51619
ELIT202,46012
ELIT202,85853
ELIT202,96218
ELIT202,74691
ELIT202,62697
ELIT203,31917
ELIT203,93288
ELIT203,24475
ELIT203,56921
ELIT203,43402
ELIT203,81925
ELIT203,20912
ELIT203,43418
ELIT203,51619
ELIT203,46012
ELIT203,85853
ELIT203,96218
ELIT203,74691
ELIT203,62697
ELIT204,31917
ELIT204,93288
ELIT204,24475
ELIT204,56921
ELIT204,43402
ELIT204,81925
ELIT204,20912
ELIT204,43418
ELIT204,51619
ELIT204,46012
ELIT204,85853
ELIT204,96218
ELIT204,74691
ELIT204,62697
ELIT205,31917
ELIT205,93288
ELIT205,24475
ELIT205,56921
ELIT205,43402
ELIT205,81925
ELIT205,20912
ELIT205,43418
ELIT205,51619
ELIT205,46012
ELIT205,85853
ELIT205,96218
ELIT205,74691
ELIT205,62697
ELIT206,31917
ELIT206,93288
ELIT206,24475
ELIT206,56921
ELIT206,43402
ELIT206,81925
ELIT206,20912
ELIT206,43418
ELIT206,51619
ELIT206,46012
ELIT206,85853
ELIT206,96218
ELIT206,74691
ELIT206,62697
ELIT301,51677
ELIT301,91541
ELIT301,66090
ELIT301,61435
ELIT301,75430
ELIT301,31832
ELIT301,21813
ELIT301,83707
ELIT301,87210
ELIT301,91100
ELIT301,39552
ELIT302,51677
ELIT302,91541
ELIT302,66090
ELIT302,61435
ELIT302,75430
ELIT302,31832
ELIT302,21813
ELIT302,83707
ELIT302,87210
ELIT302,91100
ELIT302,39552
ELIT303,51677
ELIT303,91541
ELIT303,66090
ELIT303,61435
ELIT303,75430
ELIT303,31832
ELIT303,21813
ELIT303,83707
ELIT303,87210
ELIT303,91100
ELIT303,39552
ELIT304,51677
ELIT304,91541
ELIT304,66090
ELIT304,61435
ELIT304,75430
ELIT304,31832
ELIT304,21813
ELIT304,83707
ELIT304,87210
ELIT304,91100
ELIT304,39552
ELIT305,51677
ELIT305,91541
ELIT305,66090
ELIT305,61435
ELIT305,75430
ELIT305,31832
ELIT305,21813
ELIT305,83707
ELIT305,87210
ELIT305,91100
ELIT305,39552
ELIT306,51677
ELIT306,91541
ELIT306,66090
ELIT306,61435
ELIT306,75430
ELIT306,31832
ELIT306,21813
ELIT306,83707
ELIT306,87210
ELIT306,91100
ELIT306,39552
ELIT401,87282
ELIT401,85672
ELIT401,57151
ELIT401,46592
ELIT401,24753
ELIT401,40243
ELIT401,36352
ELIT401,64192
ELIT401,28218
ELIT401,32074
ELIT401,67781
ELIT401,72703
ELIT401,50559
ELIT401,95732
ELIT402,87282
ELIT402,85672
ELIT402,57151
ELIT402,46592
ELIT402,24753
ELIT402,40243
ELIT402,36352
ELIT402,64192
ELIT402,28218
ELIT402,32074
ELIT402,67781
ELIT402,72703
ELIT402,50559
ELIT402,95732
ELIT403,87282
ELIT403,85672
ELIT403,57151
ELIT403,46592
ELIT403,24753
ELIT403,40243
ELIT403,36352
ELIT403,64192
ELIT403,28218
ELIT403,32074
ELIT403,67781
ELIT403,72703
ELIT403,50559
ELIT403,95732
ELIT404,87282
ELIT404,85672
ELIT404,57151
ELIT404,46592
ELIT404,24753
ELIT404,40243
ELIT404,36352
ELIT404,64192
ELIT404,28218
ELIT404,32074
ELIT404,67781
ELIT404,72703
ELIT404,50559
ELIT404,95732
ELIT405,87282
ELIT405,85672
ELIT405,57151
ELIT405,46592
ELIT405,24753
ELIT405,40243
ELIT405,36352
ELIT405,64192
ELIT405,28218
ELIT405,32074
ELIT405,67781
ELIT405,72703
ELIT405,50559
ELIT405,95732
ELIT406,87282
ELIT406,85672
ELIT406,57151
ELIT406,46592
ELIT406,24753
ELIT406,40243
ELIT406,36352
ELIT406,64192
ELIT406,28218
ELIT406,32074
ELIT406,67781
ELIT406,72703
ELIT406,50559
ELIT406,95732
ELIT501,93876
ELIT501,44638
ELIT501,75648
ELIT501,86914
ELIT501,67837
ELIT501,11800
ELIT502,93876
ELIT502,44638
ELIT502,75648
ELIT502,86914
ELIT502,67837
ELIT502,11800
ELIT503,93876
ELIT503,44638
ELIT503,75648
ELIT503,86914
ELIT503,67837
ELIT503,11800
ELIT504,93876
ELIT504,44638
ELIT504,75648
ELIT504,86914
ELIT504,67837
ELIT504,11800
ELIT505,93876
ELIT505,44638
ELIT505,75648
ELIT505,86914
ELIT505,67837
ELIT505,11800
ELIT506,93876
ELIT506,44638
ELIT506,75648
ELIT506,86914
ELIT506,67837
ELIT506,11800
ELIT601,10367
ELIT601,82956
ELIT601,15643
ELIT601,63564
ELIT601,57194
ELIT601,79464
ELIT601,37722
ELIT601,31164
ELIT601,27280
ELIT601,34182
ELIT601,39123
ELIT601,43732
ELIT601,41746
ELIT601,75716
ELIT602,10367
ELIT602,82956
ELIT602,15643
ELIT602,63564
ELIT602,57194
ELIT602,79464
ELIT602,37722
ELIT602,31164
ELIT602,27280
ELIT602,34182
ELIT602,39123
ELIT602,43732
ELIT602,41746
ELIT602,75716
ELIT603,10367
ELIT603,82956
ELIT603,15643
ELIT603,63564
ELIT603,57194
ELIT603,79464
ELIT603,37722
ELIT603,31164
ELIT603,27280
ELIT603,34182
ELIT603,39123
ELIT603,43732
ELIT603,41746
ELIT603,75716
ELIT604,10367
ELIT604,82956
ELIT604,15643
ELIT604,63564
ELIT604,57194
ELIT604,79464
ELIT604,37722
ELIT604,31164
ELIT604,27280
ELIT604,34182
ELIT604,39123
ELIT604,43732
ELIT604,41746
ELIT604,75716
ELIT605,10367
ELIT605,82956
ELIT605,15643
ELIT605,63564
ELIT605,57194
ELIT605,79464
ELIT605,37722
ELIT605,31164
ELIT605,27280
ELIT605,34182
ELIT605,39123
ELIT605,43732
ELIT605,41746
ELIT605,75716
ELIT606,10367
ELIT606,82956
ELIT606,15643
ELIT606,63564
ELIT606,57194
ELIT606,79464
ELIT606,37722
ELIT606,31164
ELIT606,27280
ELIT606,34182
ELIT606,39123
ELIT606,43732
ELIT606,41746
ELIT606,75716
ELIT701,61270
ELIT701,67368
ELIT701,99301
ELIT701,88400
ELIT701,24400
ELIT701,94449
ELIT701,64822
ELIT701,60819
ELIT702,61270
ELIT702,67368
ELIT702,99301
ELIT702,88400
ELIT702,24400
ELIT702,94449
ELIT702,64822
ELIT702,60819
ELIT703,61270
ELIT703,67368
ELIT703,99301
ELIT703,88400
ELIT703,24400
ELIT703,94449
ELIT703,64822
ELIT703,60819
ELIT704,61270
ELIT704,67368
ELIT704,99301
ELIT704,88400
ELIT704,24400
ELIT704,94449
ELIT704,64822
ELIT704,60819
ELIT705,61270
ELIT705,67368
ELIT705,99301
ELIT705,88400
ELIT705,24400
ELIT705,94449
ELIT705,64822
ELIT705,60819
ELIT706,61270
ELIT706,67368
ELIT706,99301
ELIT706,88400
ELIT706,24400
ELIT706,94449
ELIT706,64822
ELIT706,60819
ELIT801,86709
ELIT801,43904
ELIT801,19556
ELIT801,23694
ELIT801,57551
ELIT801,52119
ELIT801,12395
ELIT801,64187
ELIT801,47381
ELIT801,69526
ELIT801,17076
ELIT801,65247
ELIT801,65286
ELIT802,86709
ELIT802,43904
ELIT802,19556
ELIT802,23694
ELIT802,57551
ELIT802,52119
ELIT802,12395
ELIT802,64187
ELIT802,47381
ELIT802,69526
ELIT802,17076
ELIT802,65247
ELIT802,65286
ELIT803,86709
ELIT803,43904
ELIT803,19556
ELIT803,23694
ELIT803,57551
ELIT803,52119
ELIT803,12395
ELIT803,64187
ELIT803,47381
ELIT803,69526
ELIT803,17076
ELIT803,65247
ELIT803,65286
ELIT804,86709
ELIT804,43904
ELIT804,19556
ELIT804,23694
ELIT804,57551
ELIT804,52119
ELIT804,12395
ELIT804,64187
ELIT804,47381
ELIT804,69526
ELIT804,17076
ELIT804,65247
ELIT804,65286
ELIT805,86709
ELIT805,43904
ELIT805,19556
ELIT805,23694
ELIT805,57551
ELIT805,52119
ELIT805,12395
ELIT805,64187
ELIT805,47381
ELIT805,69526
ELIT805,17076
ELIT805,65247
ELIT805,65286
ELIT806,86709
ELIT806,43904
ELIT806,19556
ELIT806,23694
ELIT806,57551
ELIT806,52119
ELIT806,12395
ELIT806,64187
ELIT806,47381
ELIT806,69526
ELIT806,17076
ELIT806,65247
ELIT806,65286
